{"cameraMode":{"drawMode":0,"name":"Shaded","section":"Shading Mode"},"sceneLighting":true,"audioPlay":false,"sceneViewState":{"showFog":false,"showMaterialUpdate":false,"showSkybox":false,"showFlares":false,"showImageEffects":false,"showParticleSystems":true},"in2DMode":false,"pivot":{"x":-3.2709593772888185,"y":1.2533636093139649,"z":-0.11553299427032471},"rotation":{"x":0.02445821464061737,"y":0.9715704917907715,"z":-0.20495066046714784,"w":0.1159651130437851},"size":9.092456817626954,"orthographic":false}